vin,inv,desc,anio,kms,color,precio,bono,garantia,ubicacion,grupo,condicion,link,tipo,estatus,foraneo,cil,lts,trans
LK306185,5239,JEEP RENEGADE LATTITUDE,2020,"91,829",ROJO,"$220,000.00",,EXCELLENCE (DEFENSA A DEFENSA),TALLER TJ,Tijuana,Financiera/Banco con convenio,,SUV SUBCOMPACTAS,DISPONIBLE,N,4,1.8,AUT
LL551336,5272,NISSAN KICKS ADVANCE,2020,"84,732",PLATA,"$239,000.00",,EXCELLENCE (DEFENSA A DEFENSA),AUTOSTAR,Mexicali,Financiera/Banco con convenio,,SUV SUBCOMPACTAS,DISPONIBLE,N,4,1.6,AUT
GP420461,5253,FIAT 500X TREKKING,2016,"154,339",ROJO,"$120,000.00",,3 MESES MOTOR Y TRANSMISIÓN,TALLER MXLI,Mexicali,contado,,SUV SUBCOMPACTAS,DISPONIBLE,Y,4,2.4,AUT
LL494334,5234,NISSAN KICKS ADVANCE,2020,"77,910",BLANCO,"$240,000.00",,EXCELLENCE (DEFENSA A DEFENSA),AUTOSTAR,Mexicali,Financiera/Banco con convenio,,SUV SUBCOMPACTAS,DISPONIBLE,N,4,1.6,AUT
SM757925,5263,MAZDA CX3 I SPORT,2025,"14,152",PLATA,"$335,000.00",,VALIDAR,MAZDA TJ,Tijuana,Financiera/Banco con convenio,,SUV SUBCOMPACTAS,APARTADO,N,4,2,AUT
RM859454,5215,HYUNDAI CRETA GRAND GLS PREMIUM,2024,"33,398",GRIS,"$375,000.00","$30,000.00",3 MESES MOTOR Y TRANSMISIÓN,AUTOSTAR TJ,Tijuana,Financiera/Banco con convenio,https://autostar.com.mx/auto/1474281/Seminuevo/Hyundai-Creta-2024,SUV SUBCOMPACTAS,APARTADO,N,4,2,AUT
RT103350,5184,SUZUKI GRAND VITARA GLX,2024,"39,159",AZUL,"$335,000.00","$30,000.00",3 MESES MOTOR Y TRANSMISIÓN,AUTOSTAR TJ,Tijuana,Financiera/Banco con convenio,https://autostar.com.mx/auto/4724713/Seminuevo/Suzuki-Grand_Vitara-2024,SUV SUBCOMPACTAS,VENTA URGENTE,N,4,1.5,AUT
R7899022,5122,KIA NEW SOUL LX,2024,"30,292",GRIS,"$325,000.00","$40,000.00",3 MESES MOTOR Y TRANSMISIÓN,AUTOSTAR TJ,Tijuana,Financiera/Banco con convenio,https://autostar.com.mx/auto/5498381/Seminuevo/Kia-Soul-2024,SUV SUBCOMPACTAS,VENTA URGENTE,N,4,1.6,AUT
NL478792,5207,NISSAN KICKS ADVANCE,2022,"61,602",PLATA,"$220,000.00","$20,000.00",3 MESES MOTOR Y TRANSMISIÓN,AUTOSTAR TJ,Tijuana,Financiera/Banco con convenio,https://autostar.com.mx/auto/2990387/Seminuevo/Nissan-Kicks-2022,SUV SUBCOMPACTAS,VENTA URGENTE,N,4,1.6,STD
RJ006276,5082,HONDA BRV TOURING,2024,"42,210",GRIS,"$395,000.00","$60,000.00",3 MESES MOTOR Y TRANSMISIÓN,AUTOSTAR,Mexicali,Financiera/Banco con convenio,https://autostar.com.mx/auto/5511479/Seminuevo/Honda-BR-V-2024,SUV SUBCOMPACTAS,VENTA URGENTE,N,4,1.5,AUT
PP029777,5143,VW NIVUS HIGHLINE,2023,"87,555",AZUL,"$330,000.00","$30,000.00",3 MESES MOTOR Y TRANSMISIÓN,AUTOSTAR,Mexicali,Financiera/Banco con convenio,https://autostar.com.mx/auto/4410265/Seminuevo/Volkswagen-Nivus-2023,SUV SUBCOMPACTAS,VENTA URGENTE,N,3,1.0,AUT
TJ167324,5224,TOYOTA RAIZE XLE,2026,"14,327",GRIS,"$350,000.00","$20,000.00",VALIDAR,AUTOSTAR TJ,Tijuana,Financiera/Banco con convenio,https://autostar.com.mx/auto/8184685/Seminuevo/Toyota-Raize-2026,SUV SUBCOMPACTAS,VENTA URGENTE,N,3,1.0,AUT
SG298689,5153,SUZUKI FRONX BOOSTERGREEN MILD HYBRID,2025,"6,046",GRIS,"$360,000.00","$30,000.00",PLANTA,AUTOSTAR,Mexicali,Financiera/Banco con convenio,https://autostar.com.mx/auto/9086298/Seminuevo/Suzuki-FRONX-2025,SUV SUBCOMPACTAS,VENTA URGENTE,N,4,1.5,AUT
NZ047982,5285,MG ZS EXCITE,2022,"73,364",ROJO,"$190,000.00",,EXCELLENCE (DEFENSA A DEFENSA),POR RECIBIR TJ,Tijuana,Financiera/Banco con convenio,,SUV SUBCOMPACTAS,POR RECIBIR,N,4,1.5,AUT
NC365144,5049,RENAULT KOLEOS ICONIC,2022,"95,204",BLANCO,"$295,000.00","$70,000.00",3 MESES MOTOR Y TRANSMISIÓN,AUTOSTAR TJ,Tijuana,Financiera/Banco con convenio,https://autostar.com.mx/auto/5138328/Seminuevo/Renault-Koleos-2022,SUV MEDIANA,APARTADO,N,4,2.5,AUT
LS010315,9999,TOYOTA HIGHLANDER XLE,2020,"126,000",BLANCO,"$495,000.00",,EXCELLENCE (DEFENSA A DEFENSA),AUTOSTAR,Mexicali,Financiera/Banco con convenio,https://autostar.com.mx/auto/4166591/Seminuevo/Toyota-Highlander-2020,SUV MEDIANA,APARTADO,N,6,3.5,AUT
S5011684,5211,TOYOTA 4 RUNNER LIMITED HEV,2025,"23,876",BLANCO,"$1,230,000.00","$30,000.00",3 MESES MOTOR Y TRANSMISIÓN,TOYOTA CETYS,Mexicali,Financiera/Banco con convenio,,SUV MEDIANA,VENTA URGENTE,N,4,2.4,AUT
KBC07981,2,FORD EDGE SPORT FWD,2019,"94,928",BLANCO,"$350,000.00","$80,000.00",3 MESES MOTOR Y TRANSMISIÓN,AUTOSTAR TJ,Tijuana,Financiera/Banco con convenio,https://autostar.com.mx/auto/6279694/Seminuevo/Ford-Edge-2019,SUV MEDIANA,VENTA URGENTE,N,6,2.7,AUT
NS548754,4916,TOYOTA HIGHLANDER XLE 4X2,2022,"99,810",PLATA,"$630,000.00","$80,000.00",3 MESES MOTOR Y TRANSMISIÓN,AUTOSTAR,Mexicali,Financiera/Banco con convenio,https://autostar.com.mx/auto/1312347/Seminuevo/Toyota-Highlander-2022,SUV MEDIANA,VENTA URGENTE,N,6,3.5,AUT
PC389631,5081,RENAULT KOLEOS ICONIC,2023,"36,159",NEGRO,"$355,000.00","$60,000.00",3 MESES MOTOR Y TRANSMISIÓN,AUTOSTAR,Mexicali,Financiera/Banco con convenio,https://autostar.com.mx/auto/1745606/Seminuevo/Renault-Koleos-2023,SUV MEDIANA,VENTA URGENTE,N,4,2.5,AUT
H0128779,5102,MAZDA CX9 IGT,2017,"163,765",PLATA,"$285,000.00","$40,000.00",3 MESES MOTOR Y TRANSMISIÓN,AUTOSTAR TJ,Tijuana,Financiera/Banco con convenio,https://autostar.com.mx/auto/8766169/Seminuevo/Mazda-CX-9-2017,SUV MEDIANA,VENTA URGENTE,N,4,2.5,AUT
xxxx,989898,FORD BRONCO BADLANDS,2022,"18,981",NEGRO,"$880,000.00",,VALIDAR,CONSIGNACION,Otro,CONSIGNACION,https://autostar.com.mx/auto/1661122/Seminuevo/Ford-Bronco-2022,SUV GRANDE,DISPONIBLE,N,4,2.3T,AUT
MW138414,5225,TOYOTA RAV4 XLE,2021,"69,866",GRIS,"$450,000.00",,EXCELLENCE (DEFENSA A DEFENSA),TOYOTA CETYS,Mexicali,Financiera/Banco con convenio,,SUV COMPACTAS,DISPONIBLE,N,4,2.5,AUT
MW164775,5274,TOYOTA RAV4 ADVENTURE,2021,"85,986",ROJO,"$450,000.00",,EXCELLENCE (DEFENSA A DEFENSA),AUTOSTAR,Mexicali,Financiera/Banco con convenio,,SUV COMPACTAS,DISPONIBLE,N,4,2.5,AUT
R0471130,5290,MAZDA CX5 SG,2024,"15,351",NEGRO,"$510,000.00",,VALIDAR,AUTOSTAR TJ,Tijuana,Financiera/Banco con convenio,,SUV COMPACTAS,DISPONIBLE,N,4,2.5,AUT
RV075707,5276,TOYOTA COROLLA CROSS LE,2024,"42,992",BLANCO,"$440,000.00",,VALIDAR,AUTOSTAR TJ,Tijuana,Financiera/Banco con convenio,,SUV COMPACTAS,DISPONIBLE,N,4,2,AUT
MW125431,5269,TOYOTA RAV4 XLE,2021,"55,324",BLANCO,"$450,000.00",,EXCELLENCE (DEFENSA A DEFENSA),AUTOSTAR,Mexicali,Financiera/Banco con convenio,,SUV COMPACTAS,DISPONIBLE,N,4,2.5,AUT
NU074356,4966,TOYOTA RAV4 LIMITED HV,2022,"60,000",ROJO,"$585,000.00","$20,000.00",3 MESES MOTOR Y TRANSMISIÓN,AUTOSTAR,Mexicali,Financiera/Banco con convenio,,SUV COMPACTAS,DISPONIBLE,Y,4,2.5,AUT
KD041632,5280,TOYOTA RAV4 XLE,2019,"81,478",PLATA,"$370,000.00",,EXCELLENCE (DEFENSA A DEFENSA),AUTOSTAR,Mexicali,Financiera/Banco con convenio,,SUV COMPACTAS,DISPONIBLE,N,4,2.5,AUT
KL904126,5288,HONDA CRV EX,2019,"127,484",GRIS,"$275,000.00",,EXCELLENCE (DEFENSA A DEFENSA),AUTOSTAR,Mexicali,Financiera/Banco con convenio,,SUV COMPACTAS,DISPONIBLE,N,4,1.5,AUT
PM570219,5264,MAZDA CX30 ISP MHEV,2023,"77,570",ROJO,"$340,000.00",,VALIDAR,AUTOSTAR TJ,Tijuana,Financiera/Banco con convenio,,SUV COMPACTAS,DISPONIBLE,N,4,2.5,AUT
TW057245,5249,NISSAN XTRAIL EXCLUSIVE 2 ROW,2026,"17,661",GRIS,"$440,000.00",,VALIDAR,AUTOSTAR,Mexicali,Financiera/Banco con convenio,,SUV COMPACTAS,DISPONIBLE,N,4,2.5,AUT
MW241753,5270,TOYOTA RAV4 ADVENTURE,2021,"67,925",GRIS,"$460,000.00",,EXCELLENCE (DEFENSA A DEFENSA),AUTOSTAR TJ,Tijuana,Financiera/Banco con convenio,,SUV COMPACTAS,DISPONIBLE,N,4,2.5,AUT
RV017442,5268,TOYOTA COROLLA CROSS LE HEV,2024,"31,113",VINO,"$475,000.00",,VALIDAR,TOYOTA CETYS,Mexicali,Financiera/Banco con convenio,,SUV COMPACTAS,APARTADO,N,4,2,AUT
RV082936,5267,TOYOTA COROLLA CROSS LE,2024,"19,877",AZUL,"$440,000.00",,VALIDAR,AUTOSTAR,Mexicali,Financiera/Banco con convenio,,SUV COMPACTAS,APARTADO,N,4,2,AUT
NU081891,5256,TOYOTA RAV4 LTD HV,2022,"72,555",GRIS,"$560,000.00",,EXCELLENCE (DEFENSA A DEFENSA),TOYOTA LAZARO,Otro,Financiera/Banco con convenio,,SUV COMPACTAS,APARTADO,N,4,2.5,AUT
LM100675,5258,MAZDA CX30 IGT,2020,"100,174",NEGRO,"$299,000.00",,EXCELLENCE (DEFENSA A DEFENSA),AUTOSTAR TJ,Tijuana,Financiera/Banco con convenio,,SUV COMPACTAS,APARTADO,N,4,2.5,AUT
PV051257,5058,TOYOTA COROLLA CROSS LE,2023,"67,289",AZUL,"$435,000.00","$60,000.00",3 MESES MOTOR Y TRANSMISIÓN,AUTOSTAR,Mexicali,Financiera/Banco con convenio,https://autostar.com.mx/auto/3886988/Seminuevo/Toyota-Corolla_Cross-2023,SUV COMPACTAS,APARTADO,N,4,2,AUT
RS017425,5145,MG RX5 EXCITE,2024,"32,165",AZUL,"$295,000.00","$30,000.00",3 MESES MOTOR Y TRANSMISIÓN,AUTOSTAR TJ,Tijuana,Financiera/Banco con convenio,https://autostar.com.mx/auto/7343152/Seminuevo/MG-RX5-2024,SUV COMPACTAS,APARTADO,N,4,1.5,AUT
M0133684,5277,MAZDA CX5 IGT,2021,"51,439",BLANCO,"$345,000.00",,EXCELLENCE (DEFENSA A DEFENSA),AUTOSTAR,Mexicali,Financiera/Banco con convenio,,SUV COMPACTAS,APARTADO,N,4,2.5,AUT
N5U47833,5203,BMW X1 S DRIVE 20I,2022,"69,995",NEGRO,"$350,000.00","$30,000.00",3 MESES MOTOR Y TRANSMISIÓN,AUTOSTAR,Mexicali,Financiera/Banco con convenio,https://autostar.com.mx/auto/7259355/Seminuevo/BMW-X1-2022,SUV COMPACTAS,APARTADO,N,4,2,AUT
MU028985,5284,TOYOTA RAV4 LIMITED HV,2021,"85,129",BLANCO,"$510,000.00",,EXCELLENCE (DEFENSA A DEFENSA),POR RECIBIR MXLI,Mexicali,Financiera/Banco con convenio,,SUV COMPACTAS,APARTADO,N,4,2.5,AUT
P0277338,5186,MAZDA CX5 SG,2023,"37,339",GRIS,"$460,000.00","$30,000.00",3 MESES MOTOR Y TRANSMISIÓN,AUTOSTAR,Mexicali,Financiera/Banco con convenio,,SUV COMPACTAS,APARTADO,N,4,2.5,AUT
KJ009781,5271,TOYOTA RAV4 ADVENTURE,2019,"121,808",GRIS,"$370,000.00",,EXCELLENCE (DEFENSA A DEFENSA),AUTOSTAR TJ,Tijuana,Financiera/Banco con convenio,,SUV COMPACTAS,APARTADO,N,4,2.5,AUT
ML910529,5138,HONDA CRV TOURING,2021,"61,309",GRIS,"$450,000.00","$50,000.00",3 MESES MOTOR Y TRANSMISIÓN,AUTOSTAR TJ,Tijuana,Financiera/Banco con convenio,https://autostar.com.mx/auto/5593486/Seminuevo/Honda-CR-V-2021,SUV COMPACTAS,VENTA URGENTE,N,4,1.5,AUT
KT667124,5165,JEEP COMPASS LIMITED,2019,"65,438",BLANCO,"$265,000.00","$20,000.00",3 MESES MOTOR Y TRANSMISIÓN,TALLER MXLI,Mexicali,Financiera/Banco con convenio,https://autostar.com.mx/auto/1880552/Seminuevo/Jeep-Compass-2019,SUV COMPACTAS,VENTA URGENTE,N,4,2.4,AUT
ML906133,5057,HONDA CRV TOURING,2021,"60,185",AZUL,"$450,000.00","$60,000.00",3 MESES MOTOR Y TRANSMISIÓN,AUTOSTAR,Mexicali,Financiera/Banco con convenio,https://autostar.com.mx/auto/8027863/Seminuevo/Honda-CR-V-2021,SUV COMPACTAS,VENTA URGENTE,N,4,1.5,AUT
PN005303,5152,MITSUBISHI XPANDER CROSS,2023,"65,843",BLANCO,"$260,000.00","$30,000.00",3 MESES MOTOR Y TRANSMISIÓN,AUTOSTAR TJ,Tijuana,Financiera/Banco con convenio,https://autostar.com.mx/auto/3755194/Seminuevo/Mitsubishi-Xpander-2023,SUV COMPACTAS,VENTA URGENTE,N,4,1.5,AUT
S0179248,5279,KIA SELTOS SX,2025,"16,682",BLANCO,"$385,000.00",,VALIDAR,POR RECIBIR MXLI,Mexicali,Financiera/Banco con convenio,,SUV COMPACTAS,POR RECIBIR,N,4,1.5,AUT
PUA00848,5291,FORD ESCAPE ST LINE,2023,"21,255",GRIS,$0.00,,VALIDAR,POR RECIBIR MXLI,Mexicali,Financiera/Banco con convenio,,SUV COMPACTAS,POR RECIBIR,N,4,2.5,AUT
LE288435,5278,KIA RIO LX HB,2020,"51,228",AZUL,"$190,000.00",,EXCELLENCE (DEFENSA A DEFENSA),AUTOSTAR TJ,Tijuana,Financiera/Banco con convenio,,SEDANES SUB-COMPACTOS,APARTADO,N,4,1.6,AUT
N1252241,5265,TOYOTA YARIS CORE,2022,"78,929",PLATA,"$210,000.00",,EXCELLENCE (DEFENSA A DEFENSA),AUTOSTAR,Mexicali,Financiera/Banco con convenio,,SEDANES SUB-COMPACTOS,APARTADO,N,4,1.5,AUT
PM473326,5252,MAZDA 2 HB IGT,2023,"36,242",ROJO,"$255,000.00",,VALIDAR,AUTOSTAR TJ,Tijuana,Financiera/Banco con convenio,https://autostar.com.mx/auto/9690070/Seminuevo/Mazda-2-2023,SEDANES SUB-COMPACTOS,APARTADO,N,4,1.5,AUT
RF859254,5078,CHEVROLET AVEO LT,2024,"43,773",ROJO,"$230,000.00","$20,000.00",3 MESES MOTOR Y TRANSMISIÓN,AUTOSTAR TJ,Tijuana,Financiera/Banco con convenio,https://autostar.com.mx/auto/4911094/Seminuevo/Chevrolet-Aveo-2024,SEDANES SUB-COMPACTOS,APARTADO,N,4,1.5,STD
ME391783,5273,KIA RIO EX,2021,"30,187",ROJO,"$199,000.00",,EXCELLENCE (DEFENSA A DEFENSA),POR RECIBIR ENS,Otro,Financiera/Banco con convenio,,SEDANES SUB-COMPACTOS,APARTADO,N,4,1.6,AUT
R0041002,5287,TOYOTA YARIS S,2024,"28,183",ROJO,"$305,000.00",,VALIDAR,POR RECIBIR MXLI,Mexicali,Financiera/Banco con convenio,,SEDANES SUB-COMPACTOS,POR RECIBIR,N,4,1.5,AUT
MU419674,5217,TOYOTA CAMRY XLE,2021,"104,677",PLATA,"$345,000.00","$20,000.00",3 MESES MOTOR Y TRANSMISIÓN,AUTOSTAR,Mexicali,Financiera/Banco con convenio,,SEDANES MEDIANOS,VENTA URGENTE,N,4,2.5,AUT
P1611349,5283,MAZDA 3 HB CE,2023,"21,666",NEGRO,"$385,000.00",,VALIDAR,MAZDA TJ,Tijuana,Financiera/Banco con convenio,,SEDANES COMPACTOS,DISPONIBLE,N,4,2.5,AUT
R1656295,5282,MAZDA 3 HB IGT,2024,"56,654",ROJO,"$375,000.00",,VALIDAR,CARROCERIA MXLI,Mexicali,Financiera/Banco con convenio,,SEDANES COMPACTOS,DISPONIBLE,N,4,2.5,AUT
RP110766,5261,TOYOTA COROLLA BASE,2024,"49,851",BLANCO,"$350,000.00",,VALIDAR,AUTOSTAR,Mexicali,Financiera/Banco con convenio,,SEDANES COMPACTOS,DISPONIBLE,N,4,2,AUT
RM407415,5275,MAZDA 3 I SPORT,2024,"70,203",GRIS,"$240,000.00",,VALIDAR,AUTOSTAR TJ,Tijuana,Financiera/Banco con convenio,,SEDANES COMPACTOS,APARTADO,N,4,2.5,STD
PH089156,5233,HYUNDAI ELANTRA GLS PREMIUM,2023,"27,960",PLATA,"$275,000.00",,EXCELLENCE (DEFENSA A DEFENSA),AUTOSTAR,Mexicali,Financiera/Banco con convenio,,SEDANES COMPACTOS,APARTADO,N,4,2,AUT
PP066921,5093,TOYOTA COROLLA LE,2023,"54,543",PLATA,"$395,000.00","$60,000.00",3 MESES MOTOR Y TRANSMISIÓN,AUTOSTAR,Mexicali,Financiera/Banco con convenio,https://autostar.com.mx/auto/5239138/Seminuevo/Toyota-Corolla-2023,SEDANES COMPACTOS,APARTADO,N,4,2,AUT
PN049377,5240,MG GT SEDAN EXCITE,2023,"79,280",BLANCO,"$185,000.00",,VALIDAR,AUTOSTAR,Mexicali,Financiera/Banco con convenio,,SEDANES COMPACTOS,APARTADO,N,4,1.5,AUT
MM206906,5262,MAZDA 3 IGT,2021,"89,622",GRIS,"$270,000.00",,EXCELLENCE (DEFENSA A DEFENSA),AUTOSTAR,Mexicali,Financiera/Banco con convenio,,SEDANES COMPACTOS,APARTADO,N,4,2.5,AUT
NP349749,5155,TOYOTA COROLLA XLE,2022,"39,421",ROJO,"$390,000.00","$30,000.00",3 MESES MOTOR Y TRANSMISIÓN,AUTOSTAR TJ,Tijuana,Financiera/Banco con convenio,https://autostar.com.mx/auto/3644405/Seminuevo/Toyota-Corolla-2022,SEDANES COMPACTOS,VENTA URGENTE,N,4,1.8,AUT
RM414940,5286,MAZDA 3 SG,2024,"17,141",GRIS,"$395,000.00",,VALIDAR,POR RECIBIR MXLI,Mexicali,Financiera/Banco con convenio,,SEDANES COMPACTOS,POR RECIBIR,N,4,2.5,AUT
MP235225,5289,TOYOTA COROLLA LE,2021,"127,266",PLATA,$0.00,,EXCELLENCE (DEFENSA A DEFENSA),AUTOSTAR,Mexicali,Financiera/Banco con convenio,,SEDANES COMPACTOS,POR RECIBIR,N,4,1.8,AUT
K6137645,5281,FORD RANGER XLT DIESL,2019,"129,793",AZUL,"$299,000.00",,EXCELLENCE (DEFENSA A DEFENSA),AUTOSTAR,Mexicali,Financiera/Banco con convenio,,PICK-UP MEDIANOS,DISPONIBLE,N,5,3.2,AUT
R4006315,5257,TOYOTA HILUX 4X4 D DSL MT,2024,"27,425",BLANCO,"$495,000.00",,VALIDAR,AUTOSTAR TJ,Tijuana,Financiera/Banco con convenio,,PICK-UP MEDIANOS,DISPONIBLE,N,4,2.8,STD
SH003632,5144,MITSUBISHI L200 GLS DSL,2025,"38,047",BLANCO,"$535,000.00","$40,000.00",3 MESES MOTOR Y TRANSMISIÓN,AUTOSTAR TJ,Tijuana,Financiera/Banco con convenio,https://autostar.com.mx/auto/9016149/Seminuevo/Mitsubishi-L200-2025,PICK-UP MEDIANOS,VENTA URGENTE,N,4,2.4,AUT
PRA73067,5061,FORD MAVERICK LARIAT TREMOR HIGH 2,2023,"60,236",NEGRO,"$570,000.00","$60,000.00",3 MESES MOTOR Y TRANSMISIÓN,AUTOSTAR TJ,Tijuana,Financiera/Banco con convenio,https://autostar.com.mx/auto/8970003/Seminuevo/Ford-MAVERICK-2023,PICK-UP MEDIANOS,VENTA URGENTE,N,4,2,AUT
JFC36454,5028,FORD LOBO PLATINUM 4X4,2018,"126,953",GRIS,"$550,000.00","$100,000.00",3 MESES MOTOR Y TRANSMISIÓN, CARROCERIA/TALLER,Otro,Financiera/Banco con convenio,,PICK-UP GRANDE,VENTA URGENTE,N,6,3.5,AUT
NG147468,5118,CHEVROLET SILVERADO CUSTOM K 4X4,2022,"95,292",NEGRO,"$620,000.00","$60,000.00",3 MESES MOTOR Y TRANSMISIÓN,AUTOSTAR TJ,Tijuana,Financiera/Banco con convenio,https://autostar.com.mx/auto/3945879/Seminuevo/Chevrolet-Silverado-2022,PICK-UP GRANDE,VENTA URGENTE,Y,8,5.3,AUT
NG164992,5226,CHEVROLET CHEYENNE G HIGH COUNTRY 4X4,2022,"104,795",BLANCO,"$790,000.00","$60,000.00",3 MESES MOTOR Y TRANSMISIÓN,AUTOSTAR,Mexicali,Financiera/Banco con convenio,,PICK-UP GRANDE,VENTA URGENTE,N,8,6.2,AUT
SG130967,5194,CHEVROLET CHEYENNE 4X4 B RST,2025,"40,691",NEGRO,"$940,000.00","$60,000.00",3 MESES MOTOR Y TRANSMISIÓN,AUTOSTAR,Mexicali,Financiera/Banco con convenio,https://autostar.com.mx/auto/1202590/Seminuevo/Chevrolet-Cheyenne-2025,PICK-UP GRANDE,VENTA URGENTE,N,8,5.3,AUT
R3105025,5219,TOYOTA AVANZA XLE,2024,"26,165",PLATA,"$335,000.00","$20,000.00",EXTENDIDA HASTA 2031,AUTOSTAR,Mexicali,Financiera/Banco con convenio,https://autostar.com.mx/auto/7417641/Seminuevo/Toyota-Avanza-2024,MINIVAN,APARTADO,N,4,1.5,AUT
